SIMD,MAX_INP_DIM_bytes,PE,TARGET_FREQUENCY_HZ,Count_Ports,Count_Nets,Count_Cells,Count_Combi_Cells,Count_Seq_Cells,Area_Combinational,Area_Noncombinational,Area_Net_Interconnect,BLK_WEIGHTS_Area_Combinational,BLK_WEIGHTS_Area_Noncombinational,PT_FMAX_HZ,PT_Power_Int_W,PT_Power_Switch_W,PT_Power_Leak_W,PT_Power_Total_W
4,64,16,70000000,9140,35033,25417,16357,9059,8145.311189,8448.787093,50001.24398,3444.4992,7638.2207,263852242,2.86e-05,5.91e-06,4.16e-05,7.61e-05
8,64,16,70000000,9043,35805,26159,17102,9056,8286.148541,8445.590293,58720.246617,3353.3544,7638.2207,250000000,2.81e-05,2.31e-06,3.23e-05,6.27e-05
8,72,8,70000000,657,23150,19801,14395,5406,4841.148651,5041.664336,32475.385939,,,279329608,1.7e-05,3.52e-06,2.6e-05,4.65e-05
8,72,16,70000000,10147,39616,28865,18719,10145,9072.552345,9461.19588,65965.856427,3788.4744,8592.9983,264550264,3.2e-05,3.07e-06,3.57e-05,7.07e-05
8,72,32,70000000,19636,72893,52835,33214,19620,16351.862314,18298.349768,122536.421365,7614.5112,17185.9966,261780104,6.19e-05,8.57e-06,6.63e-05,0.000137
8,128,8,70000000,9491,41622,30872,21431,9440,8361.795714,8803.187888,67584.474013,3353.088,7638.2207,264550264,3.02e-05,2.69e-06,3.62e-05,6.91e-05
8,128,16,70000000,17876,66688,48173,30409,17763,14826.340992,16565.99499,108680.755718,6800.0376,15276.4414,257731958,5.63e-05,8.74e-06,6.04e-05,0.000125
8,144,8,70000000,10659,46185,34190,23596,10593,9241.962722,9878.023075,73886.940547,3788.4744,8592.9983,268817204,3.37e-05,3.52e-06,4.01e-05,7.74e-05
8,144,16,70000000,20084,74218,53475,33534,19940,16508.175393,18593.838964,147915.12832,7593.9984,17185.9966,70224719,6.35e-05,8.66e-06,6.74e-05,0.00014
8,144,32,70000000,38933,141389,101832,63200,38631,31225.501033,36023.539943,255835.614587,15649.1352,34371.9932,70274068,0.000123,2.12e-05,0.000128,0.000272
8,256,8,70000000,18836,77716,57314,38654,18659,15180.57497,17398.539379,126813.039471,6790.98,15276.4414,253164556,5.96e-05,8.64e-06,6.85e-05,0.000137
8,256,16,70000000,35541,128406,92280,57105,35174,28401.540246,32798.235184,240311.429661,13631.0664,30552.8828,70274068,0.000112,1.85e-05,0.000117,0.000247
8,256,32,70000000,68950,245971,176534,108332,68201,54212.323568,63601.356394,536418.303227,27446.2152,61105.7656,70323488,0.000217,3.86e-05,0.000223,0.000479
8,288,8,70000000,21172,86916,64078,43113,20964,17013.979207,19547.957752,167249.292767,7621.9704,17185.9966,70274068,6.77e-05,8.88e-06,7.68e-05,0.000153
8,288,16,70000000,39957,144634,104105,64577,39527,31870.674672,36857.194333,263815.728081,15648.8688,34371.9932,70224719,0.000126,2.25e-05,0.000131,0.00028
8,288,32,70000000,77526,277885,199896,123245,76650,61255.969614,71472.455094,592969.2023,31415.22,68743.9863,70274068,0.000245,4.54e-05,0.000251,0.000542
8,576,64,70000000,304728,1052392,747431,446774,300656,229468.61445,280366.519266,3898471.543664,120610.4686,274976.5225,68027210,0.00095,0.000183,0.000962,0.00209
16,64,16,70000000,9106,37009,26965,17911,9053,8912.201958,8443.103893,57930.773651,3426.1704,7638.2207,252525252,2.82e-05,1.03e-06,3.36e-05,6.28e-05
16,80,8,70000000,6049,29273,22016,16036,5979,6519.765904,5575.929529,33613.875029,2175.9552,4773.8879,274725274,1.86e-05,5.45e-07,2.49e-05,4.41e-05
16,80,16,70000000,11314,45287,33105,21874,11230,10518.494368,10472.938667,72660.051082,4229.0112,9547.7759,245098039,3.49e-05,1.3e-06,4.05e-05,7.67e-05
16,80,32,70000000,21843,82063,59280,37550,21729,18464.10571,20263.982143,162680.337832,8424.9,19095.5518,70323488,6.81e-05,6.5e-06,7.44e-05,0.000149
16,128,8,70000000,9554,42328,31839,22401,9437,9031.871733,8800.168688,66847.595683,3379.728,7638.2207,263852242,2.98e-05,1.14e-06,3.76e-05,6.85e-05
16,128,16,70000000,17939,67355,48573,30812,17760,15454.172148,16561.28859,113672.522492,6749.5992,15276.4414,257069408,5.57e-05,4.26e-06,6.21e-05,0.000122
16,144,8,70000000,10722,46871,34938,24347,10590,9867.73774,9875.003875,75323.369156,3840.6,8592.9983,261096605,3.36e-05,1.52e-06,4.18e-05,7.69e-05
16,144,16,70000000,20147,75953,54991,35053,19937,17258.05589,18591.256564,145969.128445,7666.3704,17185.9966,70274068,6.35e-05,5.71e-06,6.93e-05,0.000139
16,144,32,70000000,38996,142161,102637,64008,38628,31802.587489,36020.964743,261404.403266,15626.2248,34371.9932,70224719,0.000122,1.72e-05,0.000129,0.000268
16,256,8,70000000,18899,77739,57926,39269,18656,16395.6789,17395.742179,125916.917317,6729.264,15276.4414,260416666,5.95e-05,4.44e-06,7.03e-05,0.000134
16,256,16,70000000,35604,129670,93167,57995,35171,29350.97794,32795.393584,223118.385921,14262.612,30552.8828,70224719,0.000112,1.33e-05,0.000118,0.000243
16,256,32,70000000,69013,244622,175232,107033,68198,54593.635191,63591.588394,552470.836179,27685.62,61105.7656,70274068,0.000217,3.54e-05,0.000224,0.000476
16,288,8,70000000,21235,89000,65570,44608,20961,17554.440689,19544.938552,171319.645807,7659.0,17185.9966,70274068,6.7e-05,4.53e-06,7.75e-05,0.000149
16,288,16,70000000,40020,145039,104391,64866,39524,32031.017082,36854.619133,280274.656536,15337.4472,34371.9932,70274068,0.000125,1.83e-05,0.000132,0.000275
16,288,32,70000000,77589,280236,202443,125795,76647,61970.959625,71469.221094,573771.225632,31687.1256,68743.9863,70224719,0.000243,4.21e-05,0.000253,0.000538
16,512,8,70000000,37588,150075,111724,74632,37091,31251.587762,34584.543161,280115.731073,13888.5864,30552.8828,70274068,0.000118,1.75e-05,0.000137,0.000272
16,512,16,70000000,70933,248103,176483,106492,69990,55755.525542,65270.396776,595911.295851,27475.9632,61105.7656,70274068,0.000222,3.67e-05,0.00023,0.000489
16,512,32,70000000,137622,480437,342989,207203,135785,106381.624699,126615.966795,1382835.923831,54593.3519,122211.5312,70274068,0.000432,7.79e-05,0.000438,0.000948
16,512,64,70000000,270999,933228,663759,396386,267372,205837.406872,249370.510085,3382614.783552,109166.4575,244423.9061,70274068,0.000851,0.000164,0.000857,0.00187
16,576,64,70000000,304791,1066914,764022,463368,300653,234000.103382,280351.549258,3458761.843549,125739.9575,274976.8777,70224719,0.000959,0.000184,0.000963,0.00211
16,1024,8,70000000,91432,320978,229205,155245,73958,62679.71523,68959.784725,621359.481628,27957.0816,61105.7656,70126227,0.000237,4.48e-05,0.000267,0.000549
16,1024,16,70000000,158057,515333,357472,217845,139625,110875.109826,130190.965949,1429592.641163,54829.5156,122211.5312,70274068,0.000445,8.52e-05,0.00045,0.00098
32,64,16,70000000,9201,40361,29623,20572,9050,10001.121635,8439.551893,57310.004972,3433.2744,7638.2207,247524752,2.78e-05,1.04e-06,3.54e-05,6.43e-05
32,96,8,70000000,7320,35871,26959,19829,7129,8475.980809,6647.967516,40872.704631,2526.582,5728.6655,266666666,2.25e-05,1.31e-06,3.1e-05,5.48e-05
32,96,16,70000000,13601,55366,40208,26803,13404,13423.999874,12499.976241,81941.257189,5194.2672,11457.3311,250000000,4.15e-05,1.48e-06,4.99e-05,9.29e-05
32,96,32,70000000,26162,98494,71052,45100,25951,22767.393457,24202.706093,199536.611594,10005.54,22914.6621,70274068,8.12e-05,1.34e-06,8.99e-05,0.000172
32,128,8,70000000,9649,44387,33155,23720,9434,10202.764026,8796.927488,64565.019663,3414.4932,7638.2207,250626566,2.98e-05,1.32e-06,3.86e-05,6.97e-05
32,128,16,70000000,18002,69826,50302,32544,17757,16520.202426,16558.84659,112728.524328,6808.74,15276.4414,257731958,5.57e-05,1.67e-06,6.36e-05,0.000121
32,160,8,70000000,11977,54703,40670,28930,11739,11932.009618,10946.331461,79580.815222,4287.3972,9547.7759,251889168,3.69e-05,1.91e-06,4.68e-05,8.56e-05
32,160,16,70000000,22402,86745,62907,40796,22110,19885.637421,20617.583739,166884.222177,8477.292,19095.5518,68306010,6.95e-05,2.05e-06,7.7e-05,0.000149
32,160,32,70000000,43251,160518,116194,73344,42849,36234.787863,39955.959093,356043.330857,17373.276,38191.1035,70224719,0.000134,2.04e-05,0.000145,0.0003
32,256,8,70000000,18962,80636,60166,41512,18653,16937.658046,17392.944979,129827.345267,6750.6648,15276.4414,255102040,5.92e-05,2.37e-06,7.21e-05,0.000134
32,256,16,70000000,35603,132977,95956,60787,35168,30364.842208,32792.640784,238166.245257,14008.2,30552.8828,70274068,0.00011,7.3e-06,0.000121,0.000238
32,256,32,70000000,68884,248879,179132,110936,68195,55898.857028,63588.347194,561823.517189,27580.7472,61105.7656,70274068,0.000217,3e-05,0.000227,0.000474
32,288,8,70000000,21290,90268,67521,46562,20958,19385.012473,19542.348952,174873.176717,7561.6308,17185.9966,70274068,6.66e-05,2.24e-06,8.08e-05,0.00015
32,288,16,70000000,40003,148098,106818,67296,39521,34010.96287,36851.910733,305594.972262,15944.2176,34371.9932,70224719,0.000125,1.15e-05,0.000135,0.000271
32,288,32,70000000,77428,276131,197710,121065,76644,62113.926612,71467.089894,639916.439817,30927.4416,68743.9863,70274068,0.000243,3.35e-05,0.000253,0.00053
32,512,8,70000000,37587,153156,114271,77182,37088,32499.729259,34582.182761,276106.735267,13965.0432,30552.8828,70323488,0.000117,9.19e-06,0.00014,0.000266
32,512,16,70000000,70804,252382,180535,110547,69987,57082.319073,65257.653972,559429.790964,27696.276,61105.7656,70274068,0.000222,3.11e-05,0.000231,0.000485
32,512,32,70000000,137237,480605,342217,206434,135782,107489.773004,126609.661995,1432771.276661,54858.5531,122211.6201,70274068,0.00043,7.01e-05,0.000448,0.000948
32,512,64,70000000,270102,935373,665427,398057,267369,207435.382277,249424.729737,3406784.885073,109609.5341,244543.0314,68073519,0.000848,0.000152,0.000865,0.00186
32,576,64,70000000,303766,1049541,746907,446256,300650,231454.616158,280333.878045,3890752.034078,121942.6066,274976.0785,66979236,0.000947,0.00018,0.000963,0.00209
32,1024,8,70000000,91303,323121,230821,156864,73955,63873.570808,68956.973125,641932.359646,27646.2372,61105.7656,70224719,0.000237,3.85e-05,0.000273,0.000548
32,1024,16,70000000,157672,518016,359969,220345,139622,111733.288599,130195.494752,1443949.638542,54531.4583,122211.5312,70274068,0.000445,7.82e-05,0.000452,0.000975
64,64,16,70000000,9456,46215,33465,24415,9049,11981.827778,8439.152293,60314.10118,3385.056,7638.2207,259740259,2.78e-05,1.53e-06,3.9e-05,6.84e-05
64,128,8,70000000,9904,51107,38338,28906,9431,12444.661738,8794.352288,68963.839639,3365.9196,7638.2207,255102040,2.98e-05,1.68e-06,4.38e-05,7.54e-05
64,128,8,70000000,9904,51107,38338,28906,9431,12444.661738,8794.352288,68963.839639,3365.9196,7638.2207,255102040,2.98e-05,1.68e-06,4.38e-05,7.54e-05
64,128,16,70000000,18257,76403,55514,37759,17754,18689.885298,16556.27139,140936.241521,6699.3384,15276.4414,70274068,5.48e-05,8.84e-07,6.75e-05,0.000123
64,128,16,70000000,18257,76403,55514,37759,17754,18689.885298,16556.27139,140936.241521,6699.3384,15276.4414,70274068,5.48e-05,8.84e-07,6.75e-05,0.000123
64,128,32,70000000,34962,133924,96512,62114,34397,31169.912034,32076.646393,262847.750728,13339.2252,30552.8828,70274068,0.000107,9.69e-07,0.00012,0.000228
64,192,8,70000000,14560,68113,50707,36665,14041,15981.230156,13092.938234,97483.612892,5086.3752,11457.3311,254452926,4.4e-05,2.17e-06,5.97e-05,0.000106
64,192,16,70000000,27057,105904,76221,49760,26460,25371.009096,24674.500489,208513.594531,10052.9148,22914.6621,70274068,8.24e-05,1.43e-06,9.61e-05,0.00018
64,192,32,70000000,52050,193294,138956,87660,51295,44518.026926,47832.881394,444522.786612,20376.8028,45829.3242,70323488,0.00016,2.46e-06,0.000175,0.000337
64,256,8,70000000,19217,84595,62659,44008,18650,19358.012687,17390.391379,155851.803653,6697.6512,15276.4414,70274068,5.87e-05,2.88e-06,7.53e-05,0.000137
64,256,16,70000000,35858,136281,97916,62750,35165,32158.723037,32790.287584,253893.490787,13576.0104,30552.8828,70274068,0.000109,3.47e-06,0.000123,0.000236
64,256,32,70000000,69139,252856,181567,113374,68192,57841.079485,63586.215994,555372.391805,27559.302,61105.7656,70274068,0.000214,1.28e-05,0.000229,0.000456
64,320,8,70000000,23873,104784,77755,54495,23259,22736.304774,21687.808525,194732.307929,8362.2072,19095.5518,70224719,7.37e-05,3.34e-06,9.06e-05,0.000168
64,320,16,70000000,44658,169670,122605,78734,43870,38703.360348,40907.539882,390746.530881,16894.0668,38191.1035,70274068,0.000137,4.43e-06,0.000152,0.000294
64,320,32,70000000,86227,315792,227667,142577,85089,71091.430049,79341.511395,867443.117229,34344.4656,76382.207,70274068,0.000267,4.5e-05,0.000285,0.000597
64,320,32,75000000,86227,319139,231144,146054,85089,72157.659491,79344.715394,832815.933885,34510.6992,76382.3402,75357950,0.000286,4.86e-05,0.000289,0.000623
64,512,8,70000000,37842,159572,119207,82121,37085,33649.361002,34579.614761,285297.925374,13571.304,30552.8828,70274068,0.000116,5.54e-06,0.000143,0.000265
64,512,16,70000000,71059,262088,188876,118891,69984,59515.511814,65269.153573,568798.895617,27501.5376,61105.7656,70274068,0.00022,1.44e-05,0.000238,0.000472
64,512,32,70000000,137492,494685,355770,219990,135779,110832.143362,126608.211195,1347852.230358,55582.6284,122211.5757,70224719,0.000431,5.62e-05,0.000451,0.000938
64,512,64,70000000,270357,955556,685592,418225,267366,212081.57175,249865.970692,3162394.566669,110796.7979,244975.5766,70274068,0.000848,0.000138,0.000881,0.00187
64,576,64,70000000,304021,1059954,756623,455975,300647,234539.167963,280390.747249,3897247.53619,121841.371,274977.0553,70274068,0.000947,0.000159,0.000982,0.00209
64,1024,8,70000000,91558,325393,231866,157912,73952,64977.327712,68954.220325,695913.883388,27377.4396,61105.7656,69396252,0.000234,2.18e-05,0.000274,0.00053
64,1024,16,70000000,157927,528392,369221,229600,139619,115266.847574,130186.39275,1347262.842991,55628.2164,122211.7089,70224719,0.000445,6.43e-05,0.000458,0.000968
128,128,8,70000000,10407,64581,47764,38333,9430,17019.102387,8793.419888,65540.53395,3438.0252,7638.2207,254452926,2.85e-05,2.6e-06,5.15e-05,8.26e-05
128,128,8,70000000,10407,64581,47764,38333,9430,17019.102387,8793.419888,65540.53395,3438.0252,7638.2207,254452926,2.85e-05,2.6e-06,5.15e-05,8.26e-05
128,128,16,70000000,18752,88342,63370,45616,17753,22810.102425,16554.89499,137550.602397,6677.982,15276.4414,70323488,5.49e-05,2.6e-06,7.58e-05,0.000133
128,128,16,70000000,18752,88342,63370,45616,17753,22810.102425,16554.89499,137550.602397,6677.982,15276.4414,70323488,5.49e-05,2.6e-06,7.58e-05,0.000133
128,128,32,70000000,35441,146586,105230,70833,34396,35530.057886,32077.401195,255356.921527,13440.3684,30552.8828,70274068,0.000106,2.42e-06,0.000129,0.000238
128,256,8,70000000,19712,98170,73172,54524,18647,23622.194326,17387.57978,164004.534589,6654.45,15276.4414,70028011,5.82e-05,3.59e-06,8.43e-05,0.000146
128,256,8,70000000,19712,98170,73172,54524,18647,23622.194326,17387.57978,164004.534589,6654.45,15276.4414,70028011,5.82e-05,3.59e-06,8.43e-05,0.000146
128,256,16,70000000,36337,149284,107875,72712,35162,36323.493828,32788.999985,257398.57453,13495.4244,30552.8828,70274068,0.000108,2.72e-06,0.000131,0.000242
128,256,16,70000000,36337,149284,107875,72712,35162,36323.493828,32788.999985,257398.57453,13495.4244,30552.8828,70274068,0.000108,2.72e-06,0.000131,0.000242
128,256,32,70000000,69586,264907,190585,122395,68189,61734.029781,63586.748795,586403.731703,26987.6519,61105.7656,70274068,0.000213,3.34e-06,0.000237,0.000453
128,256,32,70000000,69586,264907,190585,122395,68189,61734.029781,63586.748795,586403.731703,26987.6519,61105.7656,70274068,0.000213,3.34e-06,0.000237,0.000453
128,384,8,70000000,29016,132687,98475,70609,27865,31178.458122,25982.00607,230349.106357,9900.8892,22914.6621,70224719,8.49e-05,4.42e-06,0.00012,0.000209
128,384,16,70000000,53921,208053,149340,96767,52572,49869.90065,49028.699381,483449.390345,19975.4268,45829.3242,70224719,0.000164,4.31e-06,0.00019,0.000358
128,384,32,70000000,103730,382630,275067,173083,101983,88249.957784,95095.652395,1093404.341848,40231.6835,91658.826,70224719,0.000317,4.43e-06,0.000349,0.000671
128,512,8,70000000,38321,166440,123196,86113,37082,38174.33538,34578.408762,358331.10629,13321.332,30552.8828,70274068,0.000114,5.68e-06,0.000148,0.000268
128,512,16,70000000,71506,273095,196780,126798,69981,64658.596228,65255.877975,548058.209472,27922.2276,61105.7656,70274068,0.000219,5.81e-06,0.000252,0.000476
128,512,32,70000000,137875,500286,358683,222906,135776,114209.597703,126602.801595,1407264.256633,54314.0315,122211.5757,70175438,0.000425,2.55e-05,0.000456,0.000907
128,512,64,70000000,270612,962843,690083,422719,267363,216176.069482,249298.285639,3116296.556878,111155.8019,244423.1069,65231572,0.000848,0.000114,0.000882,0.00184
128,640,64,70000000,348169,1212223,862381,528455,333924,267183.589022,311361.093252,4843061.573463,137100.1264,305530.1601,59988002,0.00105,0.000167,0.00109,0.00231
128,1024,8,70000000,92005,341236,244797,170846,73949,68340.897905,68952.133526,664940.316778,27080.4035,61106.032,70274068,0.000234,1.21e-05,0.000281,0.000527
128,1024,16,70000000,158310,541081,378227,238609,139616,118418.068965,130189.507951,1491066.925613,54191.0267,122211.6645,70323488,0.000441,3.32e-05,0.000468,0.000942
128,1024,32,70000000,,,,,,,,,,,,,,,
256,256,8,70000000,20727,125002,91846,73199,18646,32704.702424,17389.83698,154834.622788,6794.6652,15276.4414,70274068,5.64e-05,4.49e-06,0.000102,0.000163
256,256,8,70000000,20727,125002,91846,73199,18646,32704.702424,17389.83698,154834.622788,6794.6652,15276.4414,70274068,5.64e-05,4.49e-06,0.000102,0.000163
256,256,8,70000000,20727,125002,91846,73199,18646,32704.702424,17389.83698,154834.622788,6794.6652,15276.4414,70274068,5.64e-05,4.49e-06,0.000102,0.000163
256,256,16,70000000,37344,176147,126634,91472,35161,45294.8173,32786.646784,261990.615257,14094.7356,30552.8828,70274068,0.000108,4.79e-06,0.000149,0.000262
256,256,16,70000000,37344,176147,126634,91472,35161,45294.8173,32786.646784,261990.615257,14094.7356,30552.8828,70274068,0.000108,4.79e-06,0.000149,0.000262
256,256,16,70000000,37344,176147,126634,91472,35161,45294.8173,32786.646784,261990.615257,14094.7356,30552.8828,70274068,0.000108,4.79e-06,0.000149,0.000262
256,256,32,70000000,70577,289537,207224,139035,68188,70142.28593,63585.416796,574994.56861,27076.4963,61105.7656,70323488,0.000212,4.61e-06,0.000255,0.000471
256,256,32,70000000,70577,289537,207224,139035,68188,70142.28593,63585.416796,574994.56861,27076.4963,61105.7656,70323488,0.000212,4.61e-06,0.000255,0.000471
256,256,32,70000000,70577,289537,207224,139035,68188,70142.28593,63585.416796,574994.56861,27076.4963,61105.7656,70323488,0.000212,4.61e-06,0.000255,0.000471
256,512,8,70000000,39328,198540,149228,112148,37079,48064.184502,34574.146362,311253.922123,13886.544,30552.9716,70224719,0.000112,6.39e-06,0.00017,0.000289
256,512,8,70000000,39328,198540,149228,112148,37079,48064.184502,34574.146362,311253.922123,13886.544,30552.9716,70224719,0.000112,6.39e-06,0.00017,0.000289
256,512,16,70000000,72497,295755,214107,144128,69978,72220.39522,65249.617573,612683.19532,26985.9647,61105.8544,64850843,0.000216,6.35e-06,0.000261,0.000484
256,512,16,70000000,72497,295755,214107,144128,69978,72220.39522,65249.617573,612683.19532,26985.9647,61105.8544,64850843,0.000216,6.35e-06,0.000261,0.000484
256,512,32,70000000,138834,528606,381580,245806,135773,123560.679102,126601.181595,1428019.337366,54025.6535,122211.7089,70274068,0.000424,6.59e-06,0.000475,0.000906
256,512,32,70000000,138834,528606,381580,245806,135773,123560.679102,126601.181595,1428019.337366,54025.6535,122211.7089,70274068,0.000424,6.59e-06,0.000475,0.000906
256,512,64,70000000,271507,984259,706153,438792,267360,223493.15439,249296.990839,3286780.497362,108842.653,244423.1513,67024128,0.000837,4.75e-05,0.000899,0.00178
256,768,64,70000000,418322,1476714,1052900,652416,400482,330161.633676,373425.003667,5486572.304245,167123.5138,366634.727,60024009,0.00127,0.000135,0.00133,0.00273
256,1024,8,70000000,92996,358509,256410,182462,73946,78080.729304,68949.876326,824133.323399,26855.6957,61106.1652,69930069,0.000233,1.29e-05,0.000295,0.000541
256,1024,16,70000000,159269,561385,393733,254118,139613,128076.786206,130179.828749,1486236.832656,53893.1195,122211.5757,70274068,0.000439,1.35e-05,0.000486,0.000939
256,1024,32,70000000,291814,1027054,728586,457640,270944,230020.263028,252667.565223,3336639.358833,108905.5654,244454.4977,66137566,0.000853,5.43e-05,0.00092,0.00183
512,512,8,70000000,41367,242669,176870,139791,37078,64339.808213,34573.613562,353630.101146,13896.2676,30552.8828,68540095,0.000114,8.72e-06,0.000204,0.000327
512,512,16,70000000,74528,348414,250327,180349,69977,90267.862382,65261.960773,658915.23651,27927.3336,61105.7656,70274068,0.000215,8.2e-06,0.000301,0.000524
512,512,16,70000000,74528,348414,250327,180349,69977,90267.862382,65261.960773,658915.23651,27927.3336,61105.7656,70274068,0.000215,8.2e-06,0.000301,0.000524
512,512,16,70000000,74528,348414,250327,180349,69977,90267.862382,65261.960773,658915.23651,27927.3336,61105.7656,70274068,0.000215,8.2e-06,0.000301,0.000524
512,512,32,70000000,140849,577727,414503,278730,135772,140773.224032,126605.406796,1383410.907808,54278.5115,122211.5757,70224719,0.000424,9.52e-06,0.000517,0.00095
512,512,32,70000000,140849,577727,414503,278730,135772,140773.224032,126605.406796,1383410.907808,54278.5115,122211.5757,70224719,0.000424,9.52e-06,0.000517,0.00095
512,512,32,70000000,140849,577727,414503,278730,135772,140773.224032,126605.406796,1383410.907808,54278.5115,122211.5757,70224719,0.000424,9.52e-06,0.000517,0.00095
512,512,64,70000000,273490,1030390,736268,468908,267359,239898.896159,249313.28564,3352667.873665,108453.22,244424.3057,64226075,0.000834,1.02e-05,0.000943,0.00179
512,1024,8,70000000,95027,417097,302938,228993,73943,97386.542914,68949.336325,789123.384914,27585.9864,61105.8544,66181336,0.00023,1.41e-05,0.000351,0.000595
512,1024,16,70000000,161284,615770,436080,296468,139610,146571.607723,130182.499951,1440317.472054,54358.2539,122211.6645,72306579,0.000437,1.49e-05,0.000529,0.000981
512,1024,32,70000000,293797,1081723,771649,500706,270941,247841.152459,252632.267196,3372357.809346,108649.2418,244423.2401,64226075,0.000849,1.51e-05,0.00096,0.00182
1024,1024,8,70000000,99122,506512,368055,294111,73942,134846.016037,68950.231527,874639.854347,27114.3258,61106.1652,68540095,0.000232,1.68e-05,0.000453,0.000702
1024,1024,16,70000000,165379,705741,501585,361974,139609,182488.105005,130198.831955,1737880.812671,54183.2291,122211.7977,65832784,0.000436,1.81e-05,0.00063,0.00108
1024,1024,32,70000000,297892,1169752,835000,564058,270940,284227.574199,252639.694001,3370473.438253,108944.5468,244424.2169,60132291,0.000843,1.74e-05,0.00107,0.00193
1024,1024,32,70000000,297892,1169752,835000,564058,270940,284227.574199,252639.694001,3370473.438253,108944.5468,244424.2169,60132291,0.000843,1.74e-05,0.00107,0.00193
